{
	"Tina Long Mosin": {
		"id": "I0161412345118980882TA2L",
		"name": "Tina Long Mosin",
		"root": "I0161412349341542501zX5U",
		"items": [
			{
				"_id": "I0161412349341542501zX5U",
				"_tpl": "5bfd297f0db834001a669119",
				"upd": {
					"SpawnedInSession": true,
					"Repairable": {
						"MaxDurability": 100,
						"Durability": 99.8333359
					},
					"FireMode": {
						"FireMode": "single"
					}
				}
			},
			{
				"_id": "I01614123473028961855PBl",
				"_tpl": "5bae13ded4351e44f824bf38",
				"parentId": "I0161412349341542501zX5U",
				"slotId": "mod_magazine"
			},
			{
				"_id": "I0161412347431463148a7XL",
				"_tpl": "5bae13bad4351e00320204af",
				"parentId": "I0161412349341542501zX5U",
				"slotId": "mod_stock"
			},
			{
				"_id": "I0161412348565923186FsVz",
				"_tpl": "5ae09bff5acfc4001562219d",
				"parentId": "I0161412349341542501zX5U",
				"slotId": "mod_barrel"
			},
			{
				"_id": "I0161412344421664995IZIJ",
				"_tpl": "5887431f2459777e1612938f",
				"parentId": "I0161412349341542501zX5U",
				"slotId": "patron_in_weapon",
				"upd": {
					"SpawnedInSession": true
				}
			},
			{
				"_id": "I0161412348197656167HaKE",
				"_tpl": "5e023d48186a883be655e551",
				"parentId": "I01614123473028961855PBl",
				"slotId": "cartridges",
				"location": 0,
				"upd": {
					"StackObjectsCount": 10
				}
			},
			{
				"_id": "I01614123450058569433ZiH",
				"_tpl": "5bbdb811d4351e45020113c7",
				"parentId": "I0161412348565923186FsVz",
				"slotId": "mod_sight_rear"
			},
			{
				"_id": "I0161412349000606156tKd0",
				"_tpl": "5bc5a35cd4351e450201232f",
				"parentId": "I0161412348565923186FsVz",
				"slotId": "mod_muzzle"
			},
			{
				"_id": "I0161412344143424485M3PY",
				"_tpl": "5dfe6104585a0c3e995c7b82",
				"parentId": "I01614123450058569433ZiH",
				"slotId": "mod_scope",
				"upd": {
					"Sight": {
						"ScopesCurrentCalibPointIndexes": [
							0,
							0
						],
						"ScopesSelectedModes": [
							0,
							0
						],
						"SelectedScope": 0
					}
				}
			},
			{
				"_id": "I0161412346546228614pagi",
				"_tpl": "560d657b4bdc2da74d8b4572",
				"parentId": "I01614123450058569433ZiH",
				"slotId": "mod_tactical_000",
				"upd": {
					"Light": {
						"IsActive": true,
						"SelectedMode": 0
					}
				}
			}
		]
	},
	"Tina Mosin Short": {
		"id": "I0161446552489165427NyKI",
		"name": "Tina Mosin Short",
		"root": "I01614465529140385403Mh4",
		"items": [
			{
				"_id": "I01614465529140385403Mh4",
				"_tpl": "5bfd297f0db834001a669119",
				"upd": {
					"Repairable": {
						"MaxDurability": 100,
						"Durability": 98.90002
					},
					"FireMode": {
						"FireMode": "single"
					}
				}
			},
			{
				"_id": "I0161446557371059481Wgjk",
				"_tpl": "5bae13ded4351e44f824bf38",
				"parentId": "I01614465529140385403Mh4",
				"slotId": "mod_magazine"
			},
			{
				"_id": "I0161446553323986353SSle",
				"_tpl": "5bae13bad4351e00320204af",
				"parentId": "I01614465529140385403Mh4",
				"slotId": "mod_stock"
			},
			{
				"_id": "I0161446554908074598LDC3",
				"_tpl": "5bfd4cbe0db834001b73449f",
				"parentId": "I01614465529140385403Mh4",
				"slotId": "mod_barrel"
			},
			{
				"_id": "I0161446551178468724MQzw",
				"_tpl": "5e023d48186a883be655e551",
				"parentId": "I01614465529140385403Mh4",
				"slotId": "patron_in_weapon",
				"upd": {
					"SpawnedInSession": true
				}
			},
			{
				"_id": "I0161446556109639882HMoi",
				"_tpl": "5e023d48186a883be655e551",
				"parentId": "I0161446557371059481Wgjk",
				"slotId": "cartridges",
				"location": 0,
				"upd": {
					"StackObjectsCount": 10
				}
			},
			{
				"_id": "I01614465537681303437eLq",
				"_tpl": "5ae099875acfc4001714e593",
				"parentId": "I0161446554908074598LDC3",
				"slotId": "mod_sight_front",
				"upd": {
					"Sight": {
						"ScopesCurrentCalibPointIndexes": [
							0
						],
						"ScopesSelectedModes": [
							0
						],
						"SelectedScope": 0
					}
				}
			},
			{
				"_id": "I0161446552318700265wwdy",
				"_tpl": "5bfd4c980db834001b73449d",
				"parentId": "I0161446554908074598LDC3",
				"slotId": "mod_sight_rear",
				"upd": {
					"Sight": {
						"ScopesCurrentCalibPointIndexes": [
							0
						],
						"ScopesSelectedModes": [
							0
						],
						"SelectedScope": 0
					}
				}
			},
			{
				"_id": "I0161446556773100906O68i",
				"_tpl": "5bc5a35cd4351e450201232f",
				"parentId": "I0161446554908074598LDC3",
				"slotId": "mod_muzzle"
			}
		]
	},
	"Tina M870 buck": {
		"id": "I0241350378205623905b1dO",
		"name": "Tina M870 buck",
		"root": "I0241350377888241612JXk7",
		"items": [
			{
				"_id": "I0241350377888241612JXk7",
				"_tpl": "5a7828548dc32e5a9c28b516",
				"upd": {
					"Repairable": {
						"MaxDurability": 100,
						"Durability": 99.50012
					},
					"FireMode": {
						"FireMode": "single"
					}
				}
			},
			{
				"_id": "I024135037139764115687oU",
				"_tpl": "5a787f7ac5856700177af660",
				"parentId": "I0241350377888241612JXk7",
				"slotId": "mod_barrel"
			},
			{
				"_id": "I0241350372922820673GXrw",
				"_tpl": "5a788031c585673f2b5c1c79",
				"parentId": "I0241350377888241612JXk7",
				"slotId": "mod_handguard"
			},
			{
				"_id": "I0241350374971897739LaLs",
				"_tpl": "5a7882dcc5856700177af662",
				"parentId": "I0241350377888241612JXk7",
				"slotId": "mod_magazine"
			},
			{
				"_id": "I0241350375794140703LJKl",
				"_tpl": "5ae35b315acfc4001714e8b0",
				"parentId": "I0241350377888241612JXk7",
				"slotId": "mod_stock"
			},
			{
				"_id": "I0241350374067522163cH7c",
				"_tpl": "5a78948ec5856700177b1124",
				"parentId": "I0241350377888241612JXk7",
				"slotId": "mod_mount"
			},
			{
				"_id": "I0241350372976595700EUl1",
				"_tpl": "5d6e68a8a4b9360b6c0d54e2",
				"parentId": "I0241350377888241612JXk7",
				"slotId": "patron_in_weapon",
				"upd": {
					"SpawnedInSession": true
				}
			},
			{
				"_id": "I0241350372132664019bzUY",
				"_tpl": "5b057b4f5acfc4771e1bd3e9",
				"parentId": "I0241350372922820673GXrw",
				"slotId": "mod_foregrip"
			},
			{
				"_id": "I0241350371762345113k77N",
				"_tpl": "5a800961159bd4315e3a1657",
				"parentId": "I0241350372922820673GXrw",
				"slotId": "mod_tactical_001",
				"upd": {
					"Light": {
						"IsActive": true,
						"SelectedMode": 2
					}
				}
			},
			{
				"_id": "I0241350371709204868tjqe",
				"_tpl": "5d6e68a8a4b9360b6c0d54e2",
				"parentId": "I0241350374971897739LaLs",
				"slotId": "cartridges",
				"location": 0,
				"upd": {
					"SpawnedInSession": true
				}
			},
			{
				"_id": "I0241350378866148772ra4A",
				"_tpl": "5c0d591486f7744c505b416f",
				"parentId": "I0241350374971897739LaLs",
				"slotId": "cartridges",
				"location": 1,
				"upd": {
					"StackObjectsCount": 3,
					"SpawnedInSession": true
				}
			},
			{
				"_id": "I0241350376070948390r3OL",
				"_tpl": "5d4406a8a4b9361e4f6eb8b7",
				"parentId": "I0241350375794140703LJKl",
				"slotId": "mod_stock"
			},
			{
				"_id": "I0241350373525200347q8d9",
				"_tpl": "57c55f112459772d28133310",
				"parentId": "I0241350375794140703LJKl",
				"slotId": "mod_pistol_grip"
			},
			{
				"_id": "I0241350373743332019148s",
				"_tpl": "5c0505e00db834001b735073",
				"parentId": "I0241350374067522163cH7c",
				"slotId": "mod_scope",
				"upd": {
					"Sight": {
						"ScopesCurrentCalibPointIndexes": [
							0
						],
						"ScopesSelectedModes": [
							0
						],
						"SelectedScope": 0
					}
				}
			}
		]
	},
	"Tina MP-153": {
		"id": "I0251532501007422826aFZD",
		"name": "Tina MP-153",
		"root": "I0251532503564664074T8zE",
		"items": [
			{
				"_id": "I0251532503564664074T8zE",
				"_tpl": "56dee2bdd2720bc8328b4567",
				"upd": {
					"SpawnedInSession": true,
					"Repairable": {
						"MaxDurability": 100,
						"Durability": 99.7556152
					},
					"FireMode": {
						"FireMode": "single"
					}
				}
			},
			{
				"_id": "I0251532508405407518mSah",
				"_tpl": "56deec93d2720bec348b4568",
				"parentId": "I0251532503564664074T8zE",
				"slotId": "mod_barrel",
				"upd": {
					"SpawnedInSession": true
				}
			},
			{
				"_id": "I0251532508283870284evjH",
				"_tpl": "56deed6ed2720b4c698b4583",
				"parentId": "I0251532503564664074T8zE",
				"slotId": "mod_handguard",
				"upd": {
					"SpawnedInSession": true
				}
			},
			{
				"_id": "I0251532505636446169Crcb",
				"_tpl": "55d485804bdc2d8c2f8b456b",
				"parentId": "I0251532503564664074T8zE",
				"slotId": "mod_magazine",
				"upd": {
					"SpawnedInSession": true
				}
			},
			{
				"_id": "I0251532503101445455CM3G",
				"_tpl": "5bfe7fb30db8340018089fed",
				"parentId": "I0251532503564664074T8zE",
				"slotId": "mod_stock"
			},
			{
				"_id": "I0251532508388654525cFUl",
				"_tpl": "55d48a634bdc2d8b2f8b456a",
				"parentId": "I0251532503564664074T8zE",
				"slotId": "mod_mount"
			},
			{
				"_id": "I0251532509657706383UsTe",
				"_tpl": "55d48ebc4bdc2d8c2f8b456c",
				"parentId": "I0251532503564664074T8zE",
				"slotId": "mod_mount_000",
				"upd": {
					"SpawnedInSession": true
				}
			},
			{
				"_id": "I02515325058685942276YRy",
				"_tpl": "5d6e67fba4b9361bc73bc779",
				"parentId": "I0251532503564664074T8zE",
				"slotId": "patron_in_weapon",
				"upd": {
					"SpawnedInSession": true
				}
			},
			{
				"_id": "I0251532506386181483QeMc",
				"_tpl": "5d6e67fba4b9361bc73bc779",
				"parentId": "I0251532505636446169Crcb",
				"slotId": "cartridges",
				"location": 0,
				"upd": {
					"StackObjectsCount": 8,
					"SpawnedInSession": true
				}
			},
			{
				"_id": "I0251532506461661903cpuq",
				"_tpl": "5bfe86a20db834001d23e8f7",
				"parentId": "I0251532503101445455CM3G",
				"slotId": "mod_stock"
			},
			{
				"_id": "I0251532507163584078KYuK",
				"_tpl": "584984812459776a704a82a6",
				"parentId": "I0251532508388654525cFUl",
				"slotId": "mod_scope",
				"upd": {
					"SpawnedInSession": true,
					"Sight": {
						"ScopesCurrentCalibPointIndexes": [
							0
						],
						"ScopesSelectedModes": [
							0
						],
						"SelectedScope": 0
					}
				}
			},
			{
				"_id": "I02515325073809668228fIm",
				"_tpl": "5a5f1ce64f39f90b401987bc",
				"parentId": "I0251532509657706383UsTe",
				"slotId": "mod_tactical_003",
				"upd": {
					"Light": {
						"IsActive": true,
						"SelectedMode": 0
					}
				}
			},
			{
				"_id": "I0251532507965781861QgZe",
				"_tpl": "5bfe89510db834001808a127",
				"parentId": "I0251532506461661903cpuq",
				"slotId": "mod_stock"
			},
			{
				"_id": "I0251532505625398187Qxhf",
				"_tpl": "5d4406a8a4b9361e4f6eb8b7",
				"parentId": "I0251532507965781861QgZe",
				"slotId": "mod_stock_000"
			}
		]
	},
	"TINA MP-153": {
		"id": "I0251533502491050141UI1h",
		"name": "TINA MP-153",
		"root": "I0251533507264297968jDHZ",
		"items": [
			{
				"_id": "I0251533507264297968jDHZ",
				"_tpl": "56dee2bdd2720bc8328b4567",
				"upd": {
					"SpawnedInSession": true,
					"Repairable": {
						"MaxDurability": 100,
						"Durability": 99.7556152
					},
					"FireMode": {
						"FireMode": "single"
					}
				}
			},
			{
				"_id": "I0251533504647245481vbCL",
				"_tpl": "56deec93d2720bec348b4568",
				"parentId": "I0251533507264297968jDHZ",
				"slotId": "mod_barrel",
				"upd": {
					"SpawnedInSession": true
				}
			},
			{
				"_id": "I0251533505664854613nsBa",
				"_tpl": "56deed6ed2720b4c698b4583",
				"parentId": "I0251533507264297968jDHZ",
				"slotId": "mod_handguard",
				"upd": {
					"SpawnedInSession": true
				}
			},
			{
				"_id": "I0251533507246676877oUpN",
				"_tpl": "55d485804bdc2d8c2f8b456b",
				"parentId": "I0251533507264297968jDHZ",
				"slotId": "mod_magazine",
				"upd": {
					"SpawnedInSession": true
				}
			},
			{
				"_id": "I0251533505077180784qwJH",
				"_tpl": "5bfe7fb30db8340018089fed",
				"parentId": "I0251533507264297968jDHZ",
				"slotId": "mod_stock"
			},
			{
				"_id": "I0251533501891378665g5Tz",
				"_tpl": "55d48a634bdc2d8b2f8b456a",
				"parentId": "I0251533507264297968jDHZ",
				"slotId": "mod_mount"
			},
			{
				"_id": "I0251533506338094908gb5P",
				"_tpl": "55d48ebc4bdc2d8c2f8b456c",
				"parentId": "I0251533507264297968jDHZ",
				"slotId": "mod_mount_000",
				"upd": {
					"SpawnedInSession": true
				}
			},
			{
				"_id": "I02515335048218031850MJl",
				"_tpl": "5d6e67fba4b9361bc73bc779",
				"parentId": "I0251533507264297968jDHZ",
				"slotId": "patron_in_weapon",
				"upd": {
					"SpawnedInSession": true
				}
			},
			{
				"_id": "I0251533504189230094SvgE",
				"_tpl": "560838c94bdc2d77798b4569",
				"parentId": "I0251533504647245481vbCL",
				"slotId": "mod_muzzle"
			},
			{
				"_id": "I0251533509648665361CElA",
				"_tpl": "5d6e67fba4b9361bc73bc779",
				"parentId": "I0251533507246676877oUpN",
				"slotId": "cartridges",
				"location": 0,
				"upd": {
					"StackObjectsCount": 8,
					"SpawnedInSession": true
				}
			},
			{
				"_id": "I0251533504963257689HxCA",
				"_tpl": "5bfe86a20db834001d23e8f7",
				"parentId": "I0251533505077180784qwJH",
				"slotId": "mod_stock"
			},
			{
				"_id": "I0251533502076586224AiQA",
				"_tpl": "584984812459776a704a82a6",
				"parentId": "I0251533501891378665g5Tz",
				"slotId": "mod_scope",
				"upd": {
					"SpawnedInSession": true,
					"Sight": {
						"ScopesCurrentCalibPointIndexes": [
							0
						],
						"ScopesSelectedModes": [
							0
						],
						"SelectedScope": 0
					}
				}
			},
			{
				"_id": "I0251533502187275931jNym",
				"_tpl": "5a5f1ce64f39f90b401987bc",
				"parentId": "I0251533506338094908gb5P",
				"slotId": "mod_tactical_003",
				"upd": {
					"Light": {
						"IsActive": true,
						"SelectedMode": 0
					}
				}
			},
			{
				"_id": "I0251533506740281127GFSo",
				"_tpl": "5bfe89510db834001808a127",
				"parentId": "I0251533504963257689HxCA",
				"slotId": "mod_stock"
			},
			{
				"_id": "I0251533504942266361wwkw",
				"_tpl": "5d4406a8a4b9361e4f6eb8b7",
				"parentId": "I0251533506740281127GFSo",
				"slotId": "mod_stock_000"
			}
		]
	}
}